district_label_bn,source_url
ঢাকা পোস্ট কোড,https://bdpost.gov.bd/pages/static-pages/6922dc7d933eb65569e10a5f
নারায়নগঞ্জ পোস্ট কোড,https://bdpost.gov.bd/pages/static-pages/6922de5c933eb65569e1a1c1
মুন্সিগঞ্জ পোস্ট কোড,https://bdpost.gov.bd/pages/static-pages/6922dcdc933eb65569e126fa
নরসিংদী পোস্ট কোড,https://bdpost.gov.bd/pages/static-pages/6922df53933eb65569e213b9
গাজীপুর পোস্ট কোড,https://bdpost.gov.bd/pages/static-pages/6922dc3d933eb65569e0f312
মানিকগঞ্জ পোস্ট কোড,https://bdpost.gov.bd/pages/static-pages/6922dcc0933eb65569e11d77
টাঙ্গাইল পোস্ট কোড,https://bdpost.gov.bd/pages/static-pages/6922dd7b933eb65569e15334
জামালপুর পোস্ট কোড,https://bdpost.gov.bd/pages/static-pages/6922e10f933eb65569e29f1a
শেরপুর পোস্ট কোড,https://bdpost.gov.bd/pages/static-pages/6922e064933eb65569e26d35
ময়মনসিংহ পোস্ট কোড,https://bdpost.gov.bd/pages/static-pages/6922dd2d933eb65569e13d1e
কিশোরগঞ্জ পোস্ট কোড,https://bdpost.gov.bd/pages/static-pages/6922e12c933eb65569e2aaaf
নেত্রকোনা পোস্ট কোড,https://bdpost.gov.bd/pages/static-pages/6922e0f6933eb65569e2955c
সুনামগঞ্জ পোস্ট কোড,https://bdpost.gov.bd/pages/static-pages/6922df20933eb65569e200c3
সিলেট পোস্ট কোড,https://bdpost.gov.bd/pages/static-pages/6922dc22933eb65569e0e957
মৌলভীবাজার পোস্ট কোড,https://bdpost.gov.bd/pages/static-pages/6922dfd2933eb65569e24250
হবিগঞ্জ পোস্ট কোড,https://bdpost.gov.bd/pages/static-pages/6922df67933eb65569e21c5c
ব্রাহ্মণবাড়িয়া পোস্ট কোড,https://bdpost.gov.bd/pages/static-pages/6922e123933eb65569e2a733
কুমিল্লা পোস্ট কোড,https://bdpost.gov.bd/pages/static-pages/6922df8d933eb65569e22ba9
চাঁদপুর পোস্ট কোড,https://bdpost.gov.bd/pages/static-pages/6922e065933eb65569e26d8d
লক্ষ্মীপুর পোস্ট কোড,https://bdpost.gov.bd/pages/static-pages/6922df52933eb65569e21350
নোয়াখালী পোস্ট কোড,https://bdpost.gov.bd/pages/static-pages/6922df42933eb65569e20e89
ফেণী পোস্ট কোড,https://bdpost.gov.bd/pages/static-pages/6922e009933eb65569e2522c
চট্টগ্রাম পোস্ট কোড,https://bdpost.gov.bd/pages/static-pages/6922df21933eb65569e2011d
খাগড়াছড়ি পোস্ট কোড,https://bdpost.gov.bd/pages/static-pages/6922e064933eb65569e26d27
রাঙ্গামাটি পোস্ট কোড,https://bdpost.gov.bd/pages/static-pages/6922e099933eb65569e27c27
বান্দরবান পোস্ট কোড,https://bdpost.gov.bd/pages/static-pages/6922e099933eb65569e27c53
কক্সবাজার পোস্ট কোড,https://bdpost.gov.bd/pages/static-pages/6922dda9933eb65569e15c94
পঞ্চগড় পোস্ট কোড,https://bdpost.gov.bd/pages/static-pages/6922defd933eb65569e1efab
ঠাকুরগাঁও পোস্ট কোড,https://bdpost.gov.bd/pages/static-pages/6922de9d933eb65569e1c047
দিনাজপুর পোস্ট কোড,https://bdpost.gov.bd/pages/static-pages/6922dc5d933eb65569e0feff
নীলফামারী পোস্ট কোড,https://bdpost.gov.bd/pages/static-pages/6922df1f933eb65569e1fffe
রংপুর পোস্ট কোড,https://bdpost.gov.bd/pages/static-pages/6922e117933eb65569e2a262
লালমনিরহাট পোস্ট কোড,https://bdpost.gov.bd/pages/static-pages/6922dfa5933eb65569e2338f
কুড়িগ্রাম পোস্ট কোড,https://bdpost.gov.bd/pages/static-pages/6922e11c933eb65569e2a46f
গাইবান্ধা পোস্ট কোড,https://bdpost.gov.bd/pages/static-pages/6922de28933eb65569e18a7d
বগুড়া পোস্ট কোড,https://bdpost.gov.bd/pages/static-pages/6922e0fc933eb65569e296e9
জয়পুরহাট পোস্ট কোড,https://bdpost.gov.bd/pages/static-pages/6922de92933eb65569e1bb3e
রাজশাহী পোস্ট কোড,https://bdpost.gov.bd/pages/static-pages/6922df70933eb65569e21fec
চাঁপাইনবাবগঞ্জ পোস্ট কোড,https://bdpost.gov.bd/pages/static-pages/6922df3f933eb65569e20d69
নাটোর পোস্ট কোড,https://bdpost.gov.bd/pages/static-pages/6922e119933eb65569e2a2e1
নওগাঁ পোস্ট কোড,https://bdpost.gov.bd/pages/static-pages/6922df36933eb65569e209b6
পাবনা পোস্ট কোড,https://bdpost.gov.bd/pages/static-pages/6922df74933eb65569e22183
সিরাজগঞ্জ পোস্ট কোড,https://bdpost.gov.bd/pages/static-pages/6922ddec933eb65569e1719b
কুস্টিয়া পোস্ট কোড,https://bdpost.gov.bd/pages/static-pages/6922dde1933eb65569e16df6
মেহেরপুর পোস্ট কোড,https://bdpost.gov.bd/pages/static-pages/6922ddb0933eb65569e15e32
চুয়াডাঙ্গা পোস্ট কোড,https://bdpost.gov.bd/pages/static-pages/6922e10a933eb65569e29cd2
ঝিনাইদহ পোস্ট কোড,https://bdpost.gov.bd/pages/static-pages/6922de99933eb65569e1be30
যশোর পোস্ট কোড,https://bdpost.gov.bd/pages/static-pages/6922dd8f933eb65569e15762
নড়াইল পোস্ট কোড,https://bdpost.gov.bd/pages/static-pages/6922e022933eb65569e25a42
মাগুড়া পোস্ট কোড,https://bdpost.gov.bd/pages/static-pages/6922df48933eb65569e210aa
রাজবাড়ী পোস্ট কোড,https://bdpost.gov.bd/pages/static-pages/6922df09933eb65569e1f65d
ফরিদপুর পোস্ট কোড,https://bdpost.gov.bd/pages/static-pages/6922de2b933eb65569e18bdd
মাদারিপুর পোস্ট কোড,https://bdpost.gov.bd/pages/static-pages/6922df58933eb65569e215a4
শরিয়তপুর পোস্ট কোড,https://bdpost.gov.bd/pages/static-pages/6922dfcf933eb65569e24187
গোপালগঞ্জ পোস্ট কোড,https://bdpost.gov.bd/pages/static-pages/6922df05933eb65569e1f42e
বরিশাল পোস্ট কোড,https://bdpost.gov.bd/pages/static-pages/6922de4f933eb65569e19bff
ভোলা পোস্ট কোড,https://bdpost.gov.bd/pages/static-pages/6922e0ac933eb65569e281f4
ঝালকাঠি পোস্ট কোড,https://bdpost.gov.bd/pages/static-pages/6922df7a933eb65569e22404
পিরোজপুর পোস্ট কোড,https://bdpost.gov.bd/pages/static-pages/6922dc7a933eb65569e1093e
পটুয়াখালী পোস্ট কোড,https://bdpost.gov.bd/pages/static-pages/6922e123933eb65569e2a74c
বরগুণা পোস্ট কোড,https://bdpost.gov.bd/pages/static-pages/6922db72933eb65569e0a2be
খুলনা পোস্ট কোড,https://bdpost.gov.bd/pages/static-pages/6922dda6933eb65569e15bf2
বাগেরহাট পোস্ট কোড,https://bdpost.gov.bd/pages/static-pages/6922ded4933eb65569e1dad9
সাতক্ষীরা পোস্ট কোড,https://bdpost.gov.bd/pages/static-pages/6922de0f933eb65569e17f03
