source_division,source_district,source_upazila,raw_row_count,coded_row_count,post_office_samples,postal_code_samples,best_same_district_upazila,best_same_district_score,global_1_division,global_1_district,global_1_upazila,global_1_score,global_2_division,global_2_district,global_2_upazila,global_2_score,global_3_division,global_3_district,global_3_upazila,global_3_score,classification_hint
Rangpur,Kurigram,Fulbari,1,1,Fulbari UPO,5680,Phulbari,0.800,Rangpur,Dinajpur,Fulbari,1.000,Mymensingh,Mymensingh,Fulbaria,0.933,Rangpur,Kurigram,Phulbari,0.800,possible_cross_district
Rangpur,Kurigram,Rajibpur,2,1,Rajibpur UPO | Kodalkati,5650,Charrajibpur,0.800,Chattogram,Lakshmipur,Raipur,0.857,Rangpur,Kurigram,Charrajibpur,0.800,Dhaka,Narsingdi,Raipura,0.800,same_district_likely
Rangpur,Kurigram,Roumari,6,1,Roumari UPO | Jadurchar | Char Shoulomari | Dadvanga | Baghurarchar | Shoulmari,5640,Rowmari,0.857,Rangpur,Kurigram,Rowmari,0.857,Chattogram,Bandarban,Ruma,0.727,Dhaka,Faridpur,Boalmari,0.667,same_district_likely
Chattogram,Khagrachhari,Lakshmi Chari,1,1,Lakshmi Chari UPO,4470,Laxmichhari,0.833,Chattogram,Khagrachhari,Laxmichhari,0.833,Chattogram,Rangamati,Belaichari,0.750,Chattogram,Rangamati,Baghaichari,0.720,same_district_likely
Chattogram,Khagrachhari,Ranghar,1,1,Ranghar HO,4440,Ramgarh,0.714,Sylhet,Moulvibazar,Rajnagar,0.800,Khulna,Khulna,Aranghata,0.750,Rajshahi,Naogaon,Raninagar,0.750,possible_cross_district
Khulna,Khulna,Batiaghat,2,2,Batiaghat UPO | Surkhali EDSO,9260 | 9261,Botiaghata,0.842,Khulna,Khulna,Botiaghata,0.842,Rajshahi,Rajshahi,Bagha,0.714,Khulna,Khulna,Aranghata,0.667,same_district_likely
Khulna,Khulna,Chalna Bazar (Dakup),4,4,Chalna Bazar (Dakup) UPO | Dakup EDSO | Bajuya SO | Naliyan SO,9270 | 9271 | 9272 | 9273,Khulna Sadar,0.519,Dhaka,Dhaka,Chak Bazar,0.640,Chattogram,Chattogram,Chawk Bazar,0.615,Chattogram,Comilla,Bangara Bazar,0.571,legacy_or_special
Khulna,Khulna,Digalia,4,4,Digalia UPO | Chandani Mohal SO | Senhati SO | Goshgati Barakpur EDSO,9220 | 9221 | 9222 | 9223,Digholia,0.800,Khulna,Khulna,Digholia,0.800,Chattogram,Khagrachhari,Dighinala,0.750,Khulna,Narail,Kalia,0.667,same_district_likely
Khulna,Khulna,Fultala,1,1,Fultala UPO,9210,Fultola,0.857,Khulna,Khulna,Fultola,0.857,Khulna,Satkhira,Tala,0.727,Dhaka,Narayanganj,Fotullah,0.667,same_district_likely
Khulna,Khulna,Palkgacha,6,6,Palkgacha UPO | Gadaipur EDSO | Kapilmuni SO | Katipara EDSO | Chandkhali EDSO | Garhaikhali SO,9280 | 9281 | 9282 | 9283 | 9284 | 9285,Paikgasa,0.706,Dhaka,Gazipur,Gacha,0.714,Khulna,Khulna,Paikgasa,0.706,Rangpur,Rangpur,Pirgacha,0.706,same_district_likely
Rangpur,Gaibandha,Fulchari,2,2,Fulchari UPO | Bharatkhali SO,5760 | 5761,Phulchari,0.842,Rangpur,Gaibandha,Phulchari,0.842,Rangpur,Dinajpur,Fulbari,0.750,Mymensingh,Mymensingh,Fulbaria,0.706,same_district_likely
Dhaka,Gazipur,Monnonagar,3,3,Monnonagar UPO | Nishatnagar SO | Ershadnagar,1710 | 1711 | 1712,Konabari,0.556,Chattogram,Comilla,Monohargonj,0.667,Sylhet,Sylhet,Osmaninagar,0.667,Mymensingh,Netrokona,Mohongonj,0.632,legacy_or_special
Chattogram,Chattogram,Lohaghora,3,3,Lohaghora | Padua So | Chunti EDSO,4396 | 4397 | 4398,Lohagara,0.824,Chattogram,Chattogram,Lohagara,0.824,Khulna,Narail,Lohagara,0.824,Rajshahi,Pabna,Atghoria,0.706,same_district_likely
Chattogram,Chattogram,Rangunia (Dhamair),3,2,Rangunia (Dhamair) UPO | Betagi EDBO | Dhamairhat EDSO,4360 | 4361,Rangunia,0.696,Chattogram,Chattogram,Rangunia,0.696,Rangpur,Rangpur,Rangpur Sadar,0.667,Chattogram,Rangamati,Rangamati Sadar,0.621,legacy_or_special
Chattogram,Chattogram,Sadar,28,27,Chattogram GPO | NNM Madrasa EDBO | Chattogram HO | Pahartali TSO | Chackbazar TSO | Patenga TSO | Chattogram Airport TSO | Jaldia Marine Academy TSO,4000 | 4100 | 4202 | 4203 | 4204 | 4205 | 4206 | 4207,Bandar,0.727,Dhaka,Dhaka,Savar,0.800,Dhaka,Faridpur,Sadarpur,0.769,Dhaka,Dhaka,Adabor,0.727,same_district_likely
Chattogram,Chandpur,Matlabgonj (Matlab),4,4,Matlabgonj (Matlab) UPO | Mohanpur SO | Kalipura Bazar EDSO | Changerchar SO,3640 | 3641 | 3642 | 3643,Matlab North,0.593,Chattogram,Chandpur,Matlab North,0.593,Sylhet,Sylhet,Balaganj,0.583,Sylhet,Sunamganj,Jamalganj,0.560,legacy_or_special
Rajshahi,Chapainawabganj,Nachul,2,2,Nachul UPO | Mandumalhat EDSO,6310 | 6311,Nachol,0.833,Rajshahi,Chapainawabganj,Nachol,0.833,Khulna,Bagerhat,Kachua,0.667,Chattogram,Chandpur,Kachua,0.667,same_district_likely
Rajshahi,Joypurhat,Ghoramara,1,1,Ghoramara HO,6100,Joypurhat Sadar,0.348,Khulna,Kushtia,Bheramara,0.778,Rangpur,Dinajpur,Ghoraghat,0.667,Khulna,Jashore,Bagherpara,0.632,same_district_likely
Barisal,Jhalakathi,Nalchiti,2,2,Nalchiti UPO | Birkati SO,8420 | 8421,Nalchity,0.875,Barisal,Jhalakathi,Nalchity,0.875,Mymensingh,Sherpur,Nalitabari,0.667,Dhaka,Tangail,Kalihati,0.625,same_district_likely
Khulna,Jhenaidah,Court Chandpur,1,1,Court Chandpur UPO,7330,Kotchandpur,0.833,Khulna,Jhenaidah,Kotchandpur,0.833,Chattogram,Chandpur,Chandpur Sadar,0.615,Rajshahi,Naogaon,Mohadevpur,0.609,same_district_likely
Dhaka,Tangail,Deldoar,11,6,Deldoar UPO | Hinganagar | Pathrail | Atiya Darga | Lauhati | Koijuri | Jangalia SO | Patharia EDSO,1910 | 1911 | 1912 | 1913 | 1914 | 1915,Delduar,0.857,Dhaka,Tangail,Delduar,0.857,Chattogram,Comilla,Debidwar,0.667,Dhaka,Dhaka,Dohar,0.667,same_district_likely
Dhaka,Tangail,Khas Kaolia,1,1,Khas Kaolia UPO (Chowhali thana at Serajgonj District),1921,Basail,0.500,Chattogram,Chattogram,Bakalia,0.706,Chattogram,Cox's Bazar,Chakaria,0.667,Khulna,Narail,Kalia,0.667,same_district_likely
Rangpur,Thakurgaon,Jibanpur,1,1,Jibanpur UPO,5130,Haripur,0.533,Rajshahi,Pabna,Aminpur,0.667,Dhaka,Tangail,Bhuapur,0.667,Sylhet,Sylhet,Jaintiapur,0.667,legacy_or_special
Dhaka,Dhaka,Dania,1,1,Dania TSO,1236,Gendaria,0.615,Rangpur,Rangpur,Kaunia,0.727,Barisal,Barisal,Kawnia,0.727,Rajshahi,Pabna,Santhia,0.667,same_district_likely
Dhaka,Dhaka,Dhaka Sadar,2,2,Dhaka Sadar HO | Gandaria TSO,1100 | 1204,Chak Bazar,0.632,Barisal,Jhalakathi,Jhalakathi Sadar,0.720,Rangpur,Thakurgaon,Thakurgaon Sadar,0.720,Barisal,Bhola,Bhola Sadar,0.700,same_district_likely
Dhaka,Dhaka,Dhaka Sadr,1,1,Wari TSO,1203,Chak Bazar,0.667,Dhaka,Dhaka,Chak Bazar,0.667,Barisal,Jhalakathi,Jhalakathi Sadar,0.667,Rangpur,Thakurgaon,Thakurgaon Sadar,0.667,legacy_or_special
Dhaka,Dhaka,Kochukhet,1,1,"Dhaka Cen,ft. TSO",1206,Khilkhet,0.706,Dhaka,Dhaka,Khilkhet,0.706,Khulna,Bagerhat,Kachua,0.533,Chattogram,Chandpur,Kachua,0.533,same_district_likely
Dhaka,Dhaka,Kodomtoli,5,1,Kodomtoli UPO | Matuail SO | Tushardhara | Merajnagar | Habibnagar,1362,Kadamtali,0.667,Dhaka,Dhaka,Kadamtali,0.667,Dhaka,Dhaka,Kotwali,0.625,Barisal,Barguna,Amtali,0.533,legacy_or_special
Dhaka,Dhaka,Lalmati,1,1,Sangshad Bhaban,1225,Dhamrai,0.571,Chattogram,Comilla,Lalmai,0.923,Chattogram,Bandarban,Lama,0.727,Chattogram,Lakshmipur,Ramgati,0.714,possible_cross_district
Dhaka,Dhaka,Nilkhet,1,1,New Market TSO,1205,Khilkhet,0.800,Dhaka,Dhaka,Khilkhet,0.800,Rajshahi,Joypurhat,Khetlal,0.571,Sylhet,Sylhet,Airport (Sylhet),0.500,same_district_likely
Dhaka,Dhaka,Shantinagar,1,1,Shantinagar TSO,1217,Sher-E-Bangla Nagar,0.667,Sylhet,Sylhet,Osmaninagar,0.818,Rajshahi,Naogaon,Raninagar,0.800,Khulna,Satkhira,Shyamnagar,0.762,possible_cross_district
Dhaka,Dhaka,Uttara,1,1,Uttara Model Town TSO,1230,Uttar Khan,0.800,Dhaka,Dhaka,Uttar Khan,0.800,Dhaka,Dhaka,Uttara Purba,0.706,Mymensingh,Netrokona,Atpara,0.667,same_district_likely
Rangpur,Dinajpur,Biral,1,1,Biral UPO,5210,Birol,0.800,Rangpur,Dinajpur,Birol,0.800,Chattogram,Rangamati,Barkal,0.727,Rajshahi,Pabna,Bera,0.667,same_district_likely
Rangpur,Dinajpur,Nababgonj,3,3,Nababgonj UPO | Daudpur SO | Gopalpur SO,5280 | 5281 | 5282,Nawabganj,0.889,Rangpur,Dinajpur,Nawabganj,0.889,Dhaka,Dhaka,Nawabganj,0.889,Barisal,Barisal,Babuganj,0.824,same_district_likely
Rangpur,Dinajpur,Setabgonj,1,1,Setabgonj UPO,5226,Nawabganj,0.667,Sylhet,Habiganj,Shayestaganj,0.762,Barisal,Barisal,Babuganj,0.706,Rangpur,Panchagarh,Debiganj,0.706,same_district_likely
Rajshahi,Naogaon,Ahsangonj (Atral),2,2,Ahsangonj (Atral) UPO | Bandai Khara SO,6596 | 6597,Raninagar,0.435,Khulna,Khulna,Aranghata,0.609,Dhaka,Narayanganj,Narayanganj Sadar,0.600,Khulna,Jashore,Abhaynagar,0.583,legacy_or_special
Rajshahi,Naogaon,Mahadebpur,1,1,Mahadebpur UPO,6530,Mohadevpur,0.800,Sylhet,Habiganj,Madhabpur,0.842,Rajshahi,Naogaon,Mohadevpur,0.800,Rajshahi,Sirajganj,Shahjadpur,0.700,same_district_likely
Rajshahi,Naogaon,Nitpur (Pursa),3,3,Nitpur (Pursa) UPO | Pursa EDSO | Ganguria EDSO,6550 | 6551 | 6552,Niamatpur,0.600,Barisal,Pirojpur,Nazirpur,0.632,Rajshahi,Naogaon,Niamatpur,0.600,Dhaka,Dhaka,Mirpur,0.588,legacy_or_special
Dhaka,Narsingdi,Narandi,5,0,Kahetergaon | Boro Mirzapur Bazar | Borochapa | Krishnapur | Hafizpur,,Monohardi,0.625,Mymensingh,Mymensingh,Nandail,0.714,Dhaka,Faridpur,Nagarkanda,0.706,Rajshahi,Naogaon,Atrai,0.667,same_district_likely
Dhaka,Narayanganj,Fatulla,9,2,Fatulla UPO | Jalkuri | Vuighar | Fatulla Bazar SO | Dapa Idrikpur | Kutubpur | Anayetnagar | Char Baktabali,1420 | 1421,Fotullah,0.800,Dhaka,Narayanganj,Fotullah,0.800,Khulna,Khulna,Fultola,0.714,Rajshahi,Pabna,Ataikula,0.667,same_district_likely
Mymensingh,Netrokona,Dharampasa,11,1,Dharampasa UPO | Uttorbir | Deola | Badshgonj | Joysree | Rajapur | Paikurati | Golokpur,2450,Purbadhala,0.400,Sylhet,Sunamganj,Dharmapasha,0.857,Khulna,Bagerhat,Rampal,0.625,Dhaka,Faridpur,Charbhadrasan,0.609,possible_cross_district
Mymensingh,Netrokona,Dhobaura,4,2,Dhobaura UPO | Munshirhat | Goatola | Sakuai EDSO,2416 | 2417,Barhatta,0.500,Mymensingh,Mymensingh,Dhobaura,1.000,Chattogram,Comilla,Barura,0.714,Chattogram,Brahmanbaria,Akhaura,0.667,possible_cross_district
Mymensingh,Netrokona,Madhya Nagar,7,1,Madhya Nagar UPO | Southpara | Chamardani | Bongshikunda | Farokh Nagar | Abid Nagar | Kartikpur,2456,Madan,0.625,Sylhet,Sunamganj,Madhyanagar,1.000,Khulna,Jashore,Abhaynagar,0.762,Chattogram,Comilla,Muradnagar,0.762,possible_cross_district
Mymensingh,Netrokona,Susang,2,1,Susang UPO | Ketta,2420,Madan,0.364,Rajshahi,Pabna,Sujanagar,0.667,Rajshahi,Sirajganj,Salanga,0.615,Chattogram,Brahmanbaria,Ashuganj,0.571,legacy_or_special
Chattogram,Noakhali,Hatya,4,4,Hatya UPO | Afazia Bazar SO | Tamaraddi SO | Chowrangi Bazar SO,3890 | 3891 | 3892 | 3893,Hatia,0.800,Chattogram,Noakhali,Hatia,0.800,Chattogram,Chattogram,Patiya,0.727,Dhaka,Dhaka,Bhatara,0.667,same_district_likely
Chattogram,Noakhali,Senbagh,6,6,Senbagh UPO | Kalyandi EDSO | Bijbag SO | Kankirhat EDSO | Chhatterpalya SO | TP Lemua SO,3860 | 3861 | 3862 | 3863 | 3864 | 3865,Senbug,0.769,Chattogram,Noakhali,Senbug,0.769,Rajshahi,Rajshahi,Bagha,0.667,Dhaka,Dhaka,Shahbagh,0.667,same_district_likely
Barisal,Patuakhali,Baufal,5,5,Baufal UPO | Bangbadar SO | Birpasa SO | Kalisari SO | Kalaiya SO,8620 | 8621 | 8622 | 8623 | 8624,Bauphal,0.769,Sylhet,Habiganj,Bahubal,0.769,Barisal,Patuakhali,Bauphal,0.769,Chattogram,Rangamati,Barkal,0.667,same_district_likely
Barisal,Patuakhali,Khepupara,2,2,Khepupara UPO | Mahipur EDSO,8650 | 8651,Kalapara,0.588,Khulna,Jashore,Bagherpara,0.632,Chattogram,Brahmanbaria,Akhaura,0.625,Sylhet,Moulvibazar,Kulaura,0.625,legacy_or_special
Rajshahi,Pabna,Bhangora,1,1,Bhangora,6640,Bhangura,0.875,Rajshahi,Pabna,Bhangura,0.875,Dhaka,Faridpur,Bhanga,0.857,Barisal,Pirojpur,Bhandaria,0.706,same_district_likely
Rajshahi,Pabna,Debattar (Afgaria),1,1,Debattar (Afgaria) UPO,6610,Atghoria,0.522,Dhaka,Dhaka,Jatrabari,0.583,Dhaka,Dhaka,Bhatara,0.545,Khulna,Satkhira,Debhata,0.545,legacy_or_special
Rajshahi,Pabna,Iswardi,4,4,Iswardi UPO | Dapari EDSO | Pakshi SO | Rajapur Hat SO,6620 | 6621 | 6622 | 6623,Ishurdi,0.714,Dhaka,Dhaka,Wari,0.727,Rajshahi,Pabna,Ishurdi,0.714,Mymensingh,Mymensingh,Iswarganj,0.625,same_district_likely
Barisal,Pirojpur,Banaripara,2,2,Banaripara UPO | Chakher SO,8530 | 8531,Bhandaria,0.737,Barisal,Barisal,Banaripara,1.000,Rajshahi,Natore,Bagatipara,0.800,Barisal,Pirojpur,Bhandaria,0.737,possible_cross_district
Barisal,Pirojpur,Kaukhali,4,4,Kaukhali UPO | Keondia EDSO | Joykul EDSO | Julagati EDSO,8510 | 8511 | 8512 | 8513,Kawkhali,0.875,Dhaka,Rajbari,Kalukhali,0.941,Barisal,Pirojpur,Kawkhali,0.875,Chattogram,Rangamati,Kawkhali,0.875,same_district_likely
Barisal,Pirojpur,Swarupkati,4,4,Swarupkati UPO | Darus Sunnat SO | Kaurikhara SO | Jalabari SO,8520 | 8521 | 8522 | 8523,Indurkani,0.421,Barisal,Barisal,Rupatali,0.667,Chattogram,Chandpur,Shahrasti,0.632,Chattogram,Brahmanbaria,Sarail,0.625,legacy_or_special
Rajshahi,Bogura,Dunat,2,2,Dunat UPO | Gosaibari EDSO,5850 | 5851,Dhunot,0.727,Rajshahi,Bogura,Dhunot,0.727,Khulna,Kushtia,Daulatpur,0.571,Khulna,Khulna,Daulatpur,0.571,same_district_likely
Rajshahi,Bogura,Gabtoli,2,2,Gabtoli UPO | Sukhanpukur SO,5820 | 5821,Gabtali,0.857,Rajshahi,Bogura,Gabtali,0.857,Barisal,Patuakhali,Rangabali,0.625,Barisal,Barguna,Amtali,0.615,same_district_likely
Rajshahi,Bogura,Kahalu,1,1,Kahalu UPO,5870,Kahaloo,0.769,Rajshahi,Bogura,Kahaloo,0.769,Rangpur,Dinajpur,Kaharol,0.769,Barisal,Jhalakathi,Kathalia,0.714,same_district_likely
Rajshahi,Bogura,Sonatola,1,1,Sonatola UPO,5826,Sonatala,0.875,Rajshahi,Bogura,Sonatala,0.875,Chattogram,Feni,Sonagazi,0.625,Khulna,Khulna,Sonadanga,0.588,same_district_likely
Barisal,Barisal,Barjalia (Hijla),2,2,Barjalia (Hijla) UPo | Osman Manjil SO,8260 | 8261,Barisal Sadar,0.560,Rajshahi,Naogaon,Badalgachi,0.609,Chattogram,Chattogram,Bakalia,0.600,Barisal,Barisal,Barisal Sadar,0.560,legacy_or_special
Barisal,Barisal,Uzirpur,4,4,Uzirpur UPO | Dhamura SO | Jugirkanda SO | Sikarpur SO,8220 | 8221 | 8222 | 8223,Wazirpur,0.800,Barisal,Pirojpur,Nazirpur,0.800,Barisal,Barisal,Wazirpur,0.800,Dhaka,Dhaka,Mirpur,0.769,same_district_likely
Khulna,Bagerhat,Chalna Anchorange,2,2,Chalna Anchorange UPO | Mongla Port SO,9350 | 9351,Chitalmari,0.462,Sylhet,Habiganj,Baniachong,0.538,Khulna,Khulna,Labanchara,0.538,Rajshahi,Bogura,Dupchanchia,0.519,legacy_or_special
Chattogram,Brahmanbaria,Quasba,5,5,Quasba UPO | Kuti SO | Chandiwar | Chargas SO | Gupinathpur SO,3460 | 3461 | 3462 | 3463 | 3464,Kasba,0.727,Chattogram,Brahmanbaria,Kasba,0.727,Rajshahi,Rajshahi,Paba,0.600,Dhaka,Tangail,Basail,0.500,same_district_likely
Dhaka,Madaripur,Rajair,2,2,Rajair UPO | Khalia SO,7910 | 7911,Rajoir,0.833,Dhaka,Madaripur,Rajoir,0.833,Barisal,Jhalakathi,Rajapur,0.769,Rajshahi,Rajshahi,Rajpara,0.769,same_district_likely
Dhaka,Manikganj,Shibalaya,13,4,Shibalaya UPO | Amdala | Baghutiya | Khalshi | Nali | Noyabari | Jafarganj | Rupshi,1850 | 1851 | 1852 | 1853,Shibaloy,0.824,Dhaka,Manikganj,Shibaloy,0.824,Sylhet,Sunamganj,Shalla,0.667,Rajshahi,Sirajganj,Salanga,0.625,same_district_likely
Dhaka,Manikganj,Singair,15,3,Singair UPO | Dholla Bazar | Charigram | Golardanga | Dokkhin Jamsha | Paril Nowarda | Choto Kaliakair | Boldhara,1820 | 1821 | 1822,Singiar,0.857,Dhaka,Manikganj,Singiar,0.857,Rajshahi,Natore,Singra,0.769,Chattogram,Brahmanbaria,Nasirnagar,0.706,same_district_likely
Dhaka,Munshiganj,Gazaria,16,3,Gazaria UPO | Rasulpur | Hosendi | Voberchar | BK Raypura | Baosia | Char Bolaki | Goagasia,1510 | 1511 | 1512,Gajaria,0.857,Dhaka,Munshiganj,Gajaria,0.857,Dhaka,Dhaka,Hazaribagh,0.706,Chattogram,Cox's Bazar,Chakaria,0.667,same_district_likely
Dhaka,Munshiganj,Louhajong,29,6,Louhajong UPO | Gawraganj | Haridia | Korhati | Medinimondol | Nagerhat | Kalma | Vorakor,1530 | 1531 | 1532 | 1533 | 1534 | 1535,Louhajanj,0.778,Dhaka,Munshiganj,Louhajanj,0.778,Barisal,Bhola,Lalmohan,0.588,Chattogram,Chattogram,Lohagara,0.588,same_district_likely
Sylhet,Moulvibazar,Kamalgonj,5,5,Kamalgonj UPO | Keramotnagar Bhanugach SO | Patrakhula SO | Samsher Nagar SO | Munshi Bazar SO,3220 | 3221 | 3222 | 3223 | 3224,Kamolganj,0.889,Sylhet,Sunamganj,Jamalganj,0.889,Sylhet,Moulvibazar,Kamolganj,0.889,Khulna,Jhenaidah,Kaliganj,0.824,same_district_likely
Khulna,Jashore,Bagarpara,2,2,Bagarpara UPo | Gour Nagar EDSO,7470 | 7471,Bagherpara,0.842,Rajshahi,Natore,Bagatipara,0.842,Khulna,Jashore,Bagherpara,0.842,Barisal,Barisal,Banaripara,0.842,same_district_likely
Khulna,Jashore,Chawgacha,1,1,Chawgacha UPO,7410,Chougachha,0.737,Khulna,Jashore,Chougachha,0.737,Dhaka,Gazipur,Gacha,0.714,Rajshahi,Rajshahi,Charghat,0.706,same_district_likely
Rangpur,Rangpur,Kaonia,2,2,Kaonia UPO | Haragacha SO,5440 | 5441,Kaunia,0.833,Rangpur,Rangpur,Kaunia,0.833,Barisal,Barisal,Kawnia,0.833,Khulna,Narail,Kalia,0.727,same_district_likely
Chattogram,Rangamati,Jarachari,1,1,Jarachari UPO,4560,Juraichari,0.857,Chattogram,Rangamati,Juraichari,0.857,Dhaka,Dhaka,Jatrabari,0.737,Chattogram,Khagrachhari,Panchari,0.737,same_district_likely
Chattogram,Rangamati,Longdu,1,1,Longdu UPO,4580,Langadu,0.769,Chattogram,Rangamati,Langadu,0.769,Dhaka,Shariatpur,Palong,0.667,Mymensingh,Netrokona,Kendua,0.500,same_district_likely
Chattogram,Rangamati,Marishya (Bagaichari),1,1,Marishya (Bagaichari) UPO,4590,Baghaichari,0.710,Chattogram,Rangamati,Baghaichari,0.710,Mymensingh,Jamalpur,Sarishabari,0.667,Chattogram,Rangamati,Belaichari,0.600,same_district_likely
Dhaka,Rajbari,Goalondo,2,2,Goalondo UPO | Khankhanapur SO,7710 | 7711,Goalanda,0.750,Dhaka,Rajbari,Goalanda,0.750,Dhaka,Shariatpur,Palong,0.571,Dhaka,Gopalganj,Gopalganj Sadar,0.545,same_district_likely
Rajshahi,Rajshahi,Lalitgonj,4,4,Lalitgonj UPO | Rakshahi Sugar Mills SO | Shyampur EDSO | Naohata Bazar SO,6210 | 6211 | 6212 | 6213,Boalia,0.533,Khulna,Jhenaidah,Kaliganj,0.824,Rangpur,Lalmonirhat,Kaliganj,0.824,Dhaka,Gazipur,Kaliganj,0.824,possible_cross_district
Chattogram,Lakshmipur,Char Alexander (Rangamati),3,3,Char Alexander (Rangamati) UPO | Hajeer Hat SO | Ramgatir Hat SO,3730 | 3731 | 3732,Ramgati,0.414,Khulna,Chuadanga,Alamdanga,0.516,Dhaka,Faridpur,Alfadanga,0.516,Rajshahi,Rajshahi,Chandrima,0.516,legacy_or_special
Chattogram,Lakshmipur,Roypur,5,5,Roypur UPO | Rakhalia Bazar SO | Nager Dighir Par SO | Haidergonj SO | Bhua Bari EDSO,3710 | 3711 | 3712 | 3713 | 3714,Raipur,0.667,Dhaka,Dhaka,Mirpur,0.667,Khulna,Kushtia,Mirpur,0.667,Chattogram,Lakshmipur,Raipur,0.667,legacy_or_special
Rangpur,Lalmonirhat,Tushbhanader,1,1,Tushbhanader UPO,5520,Hatibandha,0.364,Dhaka,Madaripur,Shibchar,0.600,Dhaka,Munshiganj,Munshiganj Sadar,0.593,Khulna,Kushtia,Kushtia Sadar,0.583,legacy_or_special
Dhaka,Shariatpur,Demuday,1,1,Demuday UPO,8040,Damudya,0.714,Dhaka,Shariatpur,Damudya,0.714,Dhaka,Dhaka,Demra,0.667,Dhaka,Dhaka,Mugda,0.667,same_district_likely
Dhaka,Shariatpur,Jangira,1,1,Jangira UPO,8010,Zajira,0.615,Rajshahi,Pabna,Bhangura,0.667,Chattogram,Chattogram,Rangunia,0.667,Rajshahi,Pabna,Sujanagar,0.625,legacy_or_special
Mymensingh,Sherpur,Bakshigonj,1,1,Bakshigonj,2140,Jhenaigati,0.400,Mymensingh,Jamalpur,Bokshiganj,0.900,Chattogram,Brahmanbaria,Ashuganj,0.778,Rangpur,Rangpur,Mahiganj,0.778,possible_cross_district
Mymensingh,Sherpur,Nakla,2,2,Nakla UPO | Ganapaddi SO,2150 | 2151,Nokla,0.800,Mymensingh,Sherpur,Nokla,0.800,Chattogram,Chattogram,Bakalia,0.667,Khulna,Satkhira,Tala,0.667,same_district_likely
Khulna,Satkhira,Ashashuni,2,2,Ashashuni UPO | Bardal SO,9460 | 9461,Assasuni,0.824,Khulna,Satkhira,Assasuni,0.824,Dhaka,Gopalganj,Kashiani,0.706,Dhaka,Dhaka,Ashulia,0.625,same_district_likely
Khulna,Satkhira,Kolaroa,6,6,Kolaroa UPO | Murarikati EDSO | Jhaodanga EDSO | Hamidpur EDSO | Khordu EDSO | Chandanpur EDSO,9410 | 9411 | 9412 | 9413 | 9414 | 9415,Kalaroa,0.857,Khulna,Satkhira,Kalaroa,0.857,Sylhet,Moulvibazar,Kulaura,0.714,Dhaka,Gopalganj,Kotalipara,0.706,same_district_likely
Rajshahi,Sirajganj,Dhangarha (Roygonj),2,2,Dhangarha (Roygonj) UPO | Malunga SO,6720 | 6721,Raigonj,0.435,Rangpur,Rangpur,Gangachara,0.615,Chattogram,Comilla,Monohargonj,0.593,Rangpur,Rangpur,Taragonj,0.583,legacy_or_special
Sylhet,Sylhet,Jakigonj,2,2,Jakigonj UPO | Ishamati SO,3190 | 3191,Zakiganj,0.875,Sylhet,Sylhet,Zakiganj,0.875,Rajshahi,Sirajganj,Raigonj,0.800,Chattogram,Chandpur,Hajiganj,0.750,same_district_likely
Sylhet,Sunamganj,Dirai Chandpur (Dirai),2,2,Dirai Chandpur (Dirai) UPO | Jagadal EDSO,3040 | 3041,Jagannathpur,0.400,Chattogram,Chandpur,Chandpur Sadar,0.645,Rajshahi,Rajshahi,Chandrima,0.593,Dhaka,Narsingdi,Raipura,0.560,legacy_or_special
Sylhet,Sunamganj,Duara Bazar,1,1,Duara Bazar UPO,3070,Dowarabazar,0.857,Sylhet,Sunamganj,Dowarabazar,0.857,Dhaka,Narayanganj,Araihazar,0.737,Chattogram,Comilla,Bangara Bazar,0.727,same_district_likely
Sylhet,Sunamganj,Jaganhpur,6,6,Jaganhpur UPO | Syedpur SO | Atuajan Barkapan SO | Hasan Fatemapur SO | Rasugonj SO | Sreeramsi SO,3060 | 3061 | 3062 | 3063 | 3064 | 3065,Jagannathpur,0.857,Sylhet,Sunamganj,Jagannathpur,0.857,Dhaka,Tangail,Nagarpur,0.706,Rajshahi,Bogura,Shajahanpur,0.700,same_district_likely
Sylhet,Habiganj,Kalauk,2,2,Kalauk UPO | Lakhai SO,3340 | 3341,Lakhai,0.500,Rajshahi,Joypurhat,Kalai,0.727,Khulna,Narail,Kalia,0.727,Dhaka,Gazipur,Kaliakair,0.667,same_district_likely
