district_label_bn,division,district,source_upazila,candidate_1,score_1,candidate_2,score_2,candidate_3,score_3
কুড়িগ্রাম পোস্ট কোড,Rangpur,Kurigram,Fulbari,Phulbari,0.800,Chilmari,0.533,Ulipur,0.462
কুড়িগ্রাম পোস্ট কোড,Rangpur,Kurigram,Rajibpur,Charrajibpur,0.800,Ulipur,0.571,Rajarhat,0.500
কুড়িগ্রাম পোস্ট কোড,Rangpur,Kurigram,Roumari,Rowmari,0.857,Bhurungamari,0.632,Phulbari,0.533
খাগড়াছড়ি পোস্ট কোড,Chattogram,Khagrachhari,Lakshmi Chari,Laxmichhari,0.783,Manikchari,0.636,Panchari,0.600
খাগড়াছড়ি পোস্ট কোড,Chattogram,Khagrachhari,Ranghar,Ramgarh,0.714,Panchari,0.667,Matiranga,0.625
খুলনা পোস্ট কোড,Khulna,Khulna,Batiaghat,Botiaghata,0.842,Aranghata,0.667,Paikgasa,0.471
খুলনা পোস্ট কোড,Khulna,Khulna,Chalna Bazar (Dakup),Khulna Sadar,0.519,Dakop,0.381,Terokhada,0.320
খুলনা পোস্ট কোড,Khulna,Khulna,Digalia,Digholia,0.800,Paikgasa,0.533,Daulatpur,0.500
খুলনা পোস্ট কোড,Khulna,Khulna,Fultala,Fultola,0.857,Khulna Sadar,0.444,Terokhada,0.375
খুলনা পোস্ট কোড,Khulna,Khulna,Palkgacha,Paikgasa,0.706,Labanchara,0.526,Aranghata,0.444
গাইবান্ধা পোস্ট কোড,Rangpur,Gaibandha,Bonarpara (Saghate),Saghata,0.522,Gaibandha Sadar,0.400,Gobindaganj,0.370
গাইবান্ধা পোস্ট কোড,Rangpur,Gaibandha,Fulchari,Phulchari,0.824,Palashbari,0.556,Sadullapur,0.444
গাজীপুর পোস্ট কোড,Dhaka,Gazipur,Gazipur,Gazipur Sadar,0.737,Kashimpur,0.625,Sreepur,0.429
গাজীপুর পোস্ট কোড,Dhaka,Gazipur,Kaligonj,Kaliganj,0.875,Kaliakair,0.471,Bason,0.462
গাজীপুর পোস্ট কোড,Dhaka,Gazipur,Monnonagar,Konabari,0.556,Kaliganj,0.333,Tongi (West),0.316
চট্টগ্রাম পোস্ট কোড,Chattogram,Chattogram,Jaldi (Bashkhali),Banshkhali,0.750,Boalkhali,0.609,Bakalia,0.571
চট্টগ্রাম পোস্ট কোড,Chattogram,Chattogram,Lohaghora,Lohagara,0.824,Pahartali,0.444,Mirsharai,0.444
চট্টগ্রাম পোস্ট কোড,Chattogram,Chattogram,Rangunia (Dhamair),Rangunia,0.696,Pahartali,0.417,Bayejid Bostami,0.414
চট্টগ্রাম পোস্ট কোড,Chattogram,Chattogram,Sadar,Bandar,0.727,Sadarghat,0.714,Sitakunda,0.571
চাঁদপুর পোস্ট কোড,Chattogram,Chandpur,Hajigonj,Hajiganj,0.875,Faridgonj,0.706,Haimchar,0.375
চাঁদপুর পোস্ট কোড,Chattogram,Chandpur,Matlabgonj (Matlab),Matlab South,0.593,Matlab North,0.593,Faridgonj,0.400
চাঁপাইনবাবগঞ্জ পোস্ট কোড,Rajshahi,Chapainawabganj,Nachul,Nachol,0.833,Bholahat,0.286,Gomostapur,0.250
চাঁপাইনবাবগঞ্জ পোস্ট কোড,Rajshahi,Chapainawabganj,Shibgonj,Shibganj,0.875,Chapainawabganj Sadar,0.429,Nachol,0.286
জয়পুরহাট পোস্ট কোড,Rajshahi,Joypurhat,Ghoramara,Joypurhat Sadar,0.348,Kalai,0.286,Khetlal,0.250
ঝালকাঠি পোস্ট কোড,Barisal,Jhalakathi,Nalchiti,Nalchity,0.875,Kathalia,0.375,Jhalakathi Sadar,0.348
ঝিনাইদহ পোস্ট কোড,Khulna,Jhenaidah,Court Chandpur,Kotchandpur,0.833,Moheshpur,0.455,Harinakundu,0.417
ঝিনাইদহ পোস্ট কোড,Khulna,Jhenaidah,Naldanga (Kaligonj),Kaliganj,0.583,Jhenaidah Sadar,0.400,Shailkupa,0.240
টাঙ্গাইল পোস্ট কোড,Dhaka,Tangail,Deldoar,Delduar,0.857,Dhanbari,0.400,Tangail Sadar,0.316
টাঙ্গাইল পোস্ট কোড,Dhaka,Tangail,Khas Kaolia,Basail,0.500,Ghatail,0.471,Kalihati,0.444
ঠাকুরগাঁও পোস্ট কোড,Rangpur,Thakurgaon,Jibanpur,Haripur,0.533,Pirganj,0.400,Baliadangi,0.333
ঠাকুরগাঁও পোস্ট কোড,Rangpur,Thakurgaon,Pirgonj,Pirganj,0.857,Thakurgaon Sadar,0.364,Haripur,0.286
ঢাকা পোস্ট কোড,Dhaka,Dhaka,Dania,Gendaria,0.615,Ramna,0.600,Dhanmondi,0.571
ঢাকা পোস্ট কোড,Dhaka,Dhaka,Dhaka Sadar,Chak Bazar,0.632,Savar,0.533,Dohar,0.533
ঢাকা পোস্ট কোড,Dhaka,Dhaka,Dhaka Sadr,Chak Bazar,0.667,Dohar,0.571,Mohammadpur,0.500
ঢাকা পোস্ট কোড,Dhaka,Dhaka,Kochukhet,Khilkhet,0.706,Dakshinkhan,0.400,Kotwali,0.375
ঢাকা পোস্ট কোড,Dhaka,Dhaka,Kodomtoli,Kadamtali,0.667,Kotwali,0.625,Dhamrai,0.375
ঢাকা পোস্ট কোড,Dhaka,Dhaka,Lalmati,Lalbagh,0.571,Dhamrai,0.571,Ramna,0.500
ঢাকা পোস্ট কোড,Dhaka,Dhaka,Nilkhet,Khilkhet,0.800,New Market,0.500,Motijheel,0.375
ঢাকা পোস্ট কোড,Dhaka,Dhaka,Shantinagar,Sher-E-Bangla Nagar,0.667,Bhatara,0.556,Shahbagh,0.526
ঢাকা পোস্ট কোড,Dhaka,Dhaka,Uttara,Uttar Khan,0.800,Uttara Purba,0.706,Uttara Paschim,0.632
দিনাজপুর পোস্ট কোড,Rangpur,Dinajpur,Biral,Birol,0.800,Birganj,0.667,Birampur,0.615
দিনাজপুর পোস্ট কোড,Rangpur,Dinajpur,Birgonj,Birganj,0.857,Birol,0.667,Nawabganj,0.500
দিনাজপুর পোস্ট কোড,Rangpur,Dinajpur,Maharajgonj (Kaharul),Kaharol,0.480,Nawabganj,0.370,Bochaganj,0.370
দিনাজপুর পোস্ট কোড,Rangpur,Dinajpur,Nababgonj,Nawabganj,0.778,Bochaganj,0.444,Kaharol,0.375
দিনাজপুর পোস্ট কোড,Rangpur,Dinajpur,Setabgonj,Nawabganj,0.556,Bochaganj,0.444,Birganj,0.375
নওগাঁ পোস্ট কোড,Rajshahi,Naogaon,Ahsangonj (Atral),Raninagar,0.435,Atrai,0.421,Naogaon Sadar,0.385
নওগাঁ পোস্ট কোড,Rajshahi,Naogaon,Mahadebpur,Mohadevpur,0.800,Niamatpur,0.526,Sapahar,0.471
নওগাঁ পোস্ট কোড,Rajshahi,Naogaon,Nitpur (Pursa),Niamatpur,0.600,Porsha,0.471,Patnitala,0.400
নরসিংদী পোস্ট কোড,Dhaka,Narsingdi,Narandi,Monohardi,0.625,Narsingdi Sadar,0.571,Raipura,0.429
নারায়নগঞ্জ পোস্ট কোড,Dhaka,Narayanganj,Fatulla,Fotullah,0.800,Bandar,0.308,Sonargaon,0.250
নারায়নগঞ্জ পোস্ট কোড,Dhaka,Narayanganj,Rupgonj,Rupganj,0.857,Siddhirganj,0.444,Narayanganj Sadar,0.348
নারায়নগঞ্জ পোস্ট কোড,Dhaka,Narayanganj,Siddirgonj,Siddhirganj,0.857,Sonargaon,0.526,Rupganj,0.471
নীলফামারী পোস্ট কোড,Rangpur,Nilphamari,Kishoregonj,Kishorganj,0.857,Domar,0.250,Nilphamari Sadar,0.231
নেত্রকোনা পোস্ট কোড,Mymensingh,Netrokona,Dharampasa,Purbadhala,0.400,Atpara,0.375,Netrokona Sadar,0.333
নেত্রকোনা পোস্ট কোড,Mymensingh,Netrokona,Dhobaura,Durgapur,0.500,Barhatta,0.500,Purbadhala,0.444
নেত্রকোনা পোস্ট কোড,Mymensingh,Netrokona,Madhya Nagar,Madan,0.625,Purbadhala,0.476,Kalmakanda,0.476
নেত্রকোনা পোস্ট কোড,Mymensingh,Netrokona,Susang,Madan,0.364,Kendua,0.333,Durgapur,0.286
নোয়াখালী পোস্ট কোড,Chattogram,Noakhali,Bashurhat (Companigonj),Companiganj,0.645,Begumganj,0.414,Kabirhat,0.357
নোয়াখালী পোস্ট কোড,Chattogram,Noakhali,Hatya,Hatia,0.800,Kabirhat,0.462,Chatkhil,0.462
নোয়াখালী পোস্ট কোড,Chattogram,Noakhali,Senbagh,Senbug,0.769,Subarnachar,0.444,Sonaimori,0.375
পঞ্চগড় পোস্ট কোড,Rangpur,Panchagarh,Chotodab (Atwar),Atwari,0.526,Panchagarh Sadar,0.357,Boda,0.353
পঞ্চগড় পোস্ট কোড,Rangpur,Panchagarh,Debigonj,Debiganj,0.875,Tetulia,0.267,Boda,0.167
পটুয়াখালী পোস্ট কোড,Barisal,Patuakhali,Baufal,Bauphal,0.769,Rangabali,0.400,Patuakhali Sadar,0.381
পটুয়াখালী পোস্ট কোড,Barisal,Patuakhali,Khepupara,Kalapara,0.588,Bauphal,0.375,Patuakhali Sadar,0.333
পটুয়াখালী পোস্ট কোড,Barisal,Patuakhali,Subidhakhali (Mirzagonj),Mirzaganj,0.533,Patuakhali Sadar,0.444,Kalapara,0.345
পাবনা পোস্ট কোড,Rajshahi,Pabna,Ban Wari Nagar (Farifpur),Faridpur,0.500,Aminpur,0.444,Bhangura,0.429
পাবনা পোস্ট কোড,Rajshahi,Pabna,Bhangora,Bhangura,0.875,Bera,0.500,Atghoria,0.500
পাবনা পোস্ট কোড,Rajshahi,Pabna,Debattar (Afgaria),Atghoria,0.522,Sujanagar,0.417,Santhia,0.364
পাবনা পোস্ট কোড,Rajshahi,Pabna,Iswardi,Ishurdi,0.714,Faridpur,0.400,Sujanagar,0.375
পিরোজপুর পোস্ট কোড,Barisal,Pirojpur,Banaripara,Bhandaria,0.737,Zianagar,0.556,Nazirpur,0.556
পিরোজপুর পোস্ট কোড,Barisal,Pirojpur,Kaukhali,Kawkhali,0.875,Mathbaria,0.471,Indurkani,0.353
পিরোজপুর পোস্ট কোড,Barisal,Pirojpur,Swarupkati,Nesarabad,0.421,Indurkani,0.421,Nazirpur,0.333
বগুড়া পোস্ট কোড,Rajshahi,Bogura,Dunat,Dhunot,0.727,Dupchanchia,0.500,Sonatala,0.462
বগুড়া পোস্ট কোড,Rajshahi,Bogura,Gabtoli,Gabtali,0.857,Sonatala,0.400,Kahaloo,0.286
বগুড়া পোস্ট কোড,Rajshahi,Bogura,Kahalu,Kahaloo,0.769,Shajahanpur,0.471,Gabtali,0.462
বগুড়া পোস্ট কোড,Rajshahi,Bogura,Shibgonj,Shibganj,0.875,Shariakandi,0.421,Sonatala,0.375
বগুড়া পোস্ট কোড,Rajshahi,Bogura,Sonatola,Sonatala,0.875,Gabtali,0.400,Nondigram,0.353
বরিশাল পোস্ট কোড,Barisal,Barisal,Babugonj,Babuganj,0.875,Bakerganj,0.588,Bandar,0.429
বরিশাল পোস্ট কোড,Barisal,Barisal,Barjalia (Hijla),Barisal Sadar,0.560,Hizla,0.444,Banaripara,0.435
বরিশাল পোস্ট কোড,Barisal,Barisal,Sahebgonj (Bakhergonj),Bakerganj,0.571,Babuganj,0.370,Mehendiganj,0.333
বরিশাল পোস্ট কোড,Barisal,Barisal,Uzirpur,Wazirpur,0.800,Airport,0.571,Kashipur,0.533
বাগেরহাট পোস্ট কোড,Khulna,Bagerhat,Chalna Anchorange,Chitalmari,0.462,Bagerhat Sadar,0.345,Sarankhola,0.308
বাগেরহাট পোস্ট কোড,Khulna,Bagerhat,Morelgonj,Morrelganj,0.842,Mongla,0.400,Mollahat,0.353
বাগেরহাট পোস্ট কোড,Khulna,Bagerhat,Rayenda (Sharankhola),Sarankhola,0.714,Rampal,0.333,Bagerhat Sadar,0.323
ব্রাহ্মণবাড়িয়া পোস্ট কোড,Chattogram,Brahmanbaria,Quasba,Kasba,0.727,Ashuganj,0.429,Nabinagar,0.400
ভোলা পোস্ট কোড,Barisal,Bhola,Hat Shasigonj (Tazimuddin),Tazumuddin,0.562,Borhan Uddin,0.485,Charfesson,0.375
মাগুড়া পোস্ট কোড,Khulna,Magura,Arpara (Salikha),Shalikha,0.667,Magura Sadar,0.500,Sreepur,0.300
মাদারিপুর পোস্ট কোড,Dhaka,Madaripur,Rajair,Rajoir,0.833,Madaripur Sadar,0.400,Kalkini,0.308
মানিকগঞ্জ পোস্ট কোড,Dhaka,Manikganj,Shibalaya,Shibaloy,0.824,Singiar,0.375,Saturia,0.375
মানিকগঞ্জ পোস্ট কোড,Dhaka,Manikganj,Singair,Singiar,0.857,Saturia,0.429,Shibaloy,0.400
মুন্সিগঞ্জ পোস্ট কোড,Dhaka,Munshiganj,Gazaria,Gajaria,0.857,Tongibari,0.500,Sreenagar,0.375
মুন্সিগঞ্জ পোস্ট কোড,Dhaka,Munshiganj,Louhajong,Louhajanj,0.778,Tongibari,0.333,Munshiganj Sadar,0.333
মৌলভীবাজার পোস্ট কোড,Sylhet,Moulvibazar,Kamalgonj,Kamolganj,0.778,Kulaura,0.375,Rajnagar,0.353
যশোর পোস্ট কোড,Khulna,Jashore,Bagarpara,Bagherpara,0.842,Abhaynagar,0.526,Jhikargacha,0.400
যশোর পোস্ট কোড,Khulna,Jashore,Chawgacha,Chougachha,0.737,Jhikargacha,0.700,Sharsha,0.500
যশোর পোস্ট কোড,Khulna,Jashore,Noapara (Avay Nagar),Abhaynagar,0.615,Bagherpara,0.385,Manirampur,0.308
রংপুর পোস্ট কোড,Rangpur,Rangpur,Kaonia,Kaunia,0.833,Taragonj,0.429,Hajirhat,0.429
রাঙ্গামাটি পোস্ট কোড,Chattogram,Rangamati,Jarachari,Juraichari,0.842,Baghaichari,0.700,Naniarchar,0.632
রাঙ্গামাটি পোস্ট কোড,Chattogram,Rangamati,Kalampati (Kaokhali),Kawkhali,0.560,Rajasthali,0.519,Rangamati Sadar,0.516
রাঙ্গামাটি পোস্ট কোড,Chattogram,Rangamati,Longdu,Langadu,0.769,Rangamati Sadar,0.300,Chandroghona,0.222
রাঙ্গামাটি পোস্ট কোড,Chattogram,Rangamati,Marishya (Bagaichari),Baghaichari,0.690,Juraichari,0.571,Belaichari,0.571
রাজবাড়ী পোস্ট কোড,Dhaka,Rajbari,Goalondo,Goalanda,0.750,Baliakandi,0.444,Pangsa,0.286
রাজশাহী পোস্ট কোড,Rajshahi,Rajshahi,Khodemohanpur(Mohanpur),Mohonpur,0.483,Chandrima,0.400,Durgapur,0.345
রাজশাহী পোস্ট কোড,Rajshahi,Rajshahi,Lalitgonj,Boalia,0.400,Airport,0.375,Katakhali,0.333
লক্ষ্মীপুর পোস্ট কোড,Chattogram,Lakshmipur,Char Alexander (Rangamati),Ramgati,0.414,Ramganj,0.276,Raipur,0.214
লক্ষ্মীপুর পোস্ট কোড,Chattogram,Lakshmipur,Ramgonj,Ramganj,0.857,Ramgati,0.571,Kamalnagar,0.353
লক্ষ্মীপুর পোস্ট কোড,Chattogram,Lakshmipur,Roypur,Raipur,0.667,Lakshmipur Sadar,0.286,Ramgati,0.154
লালমনিরহাট পোস্ট কোড,Rangpur,Lalmonirhat,Tushbhanader,Hatibandha,0.364,Lalmonirhat Sadar,0.357,Aditmari,0.300
শরিয়তপুর পোস্ট কোড,Dhaka,Shariatpur,Bhedergonj,Bhedarganj,0.800,Palong,0.250,Shariatpur Sadar,0.240
শরিয়তপুর পোস্ট কোড,Dhaka,Shariatpur,Demuday,Damudya,0.714,Bhedarganj,0.353,Shariatpur Sadar,0.273
শরিয়তপুর পোস্ট কোড,Dhaka,Shariatpur,Jangira,Zajira,0.615,Naria,0.500,Gosairhat,0.500
শেরপুর পোস্ট কোড,Mymensingh,Sherpur,Bakshigonj,Nalitabari,0.300,Jhenaigati,0.300,Sreebordi,0.211
শেরপুর পোস্ট কোড,Mymensingh,Sherpur,Nakla,Nokla,0.800,Nalitabari,0.533,Jhenaigati,0.400
সাতক্ষীরা পোস্ট কোড,Khulna,Satkhira,Ashashuni,Assasuni,0.824,Shyamnagar,0.421,Kaliganj,0.353
সাতক্ষীরা পোস্ট কোড,Khulna,Satkhira,Kaligonj,Kaliganj,0.875,Kalaroa,0.533,Tala,0.333
সাতক্ষীরা পোস্ট কোড,Khulna,Satkhira,Kolaroa,Kalaroa,0.857,Kaliganj,0.400,Tala,0.364
সিরাজগঞ্জ পোস্ট কোড,Rajshahi,Sirajganj,Dhangarha (Roygonj),Raigonj,0.435,Salanga,0.348,Ullapara,0.333
সিলেট পোস্ট কোড,Sylhet,Sylhet,Balagonj,Balaganj,0.875,Golapganj,0.588,Zakiganj,0.500
সিলেট পোস্ট কোড,Sylhet,Sylhet,Companigonj Nutun Bazar (Companigonj),Companiganj,0.465,Beanibazar,0.381,Osmaninagar,0.372
সিলেট পোস্ট কোড,Sylhet,Sylhet,Jakigonj,Zakiganj,0.750,Companiganj,0.526,Balaganj,0.500
সুনামগঞ্জ পোস্ট কোড,Sylhet,Sunamganj,Dirai Chandpur (Dirai),Jagannathpur,0.400,Tahirpur,0.385,Derai,0.348
সুনামগঞ্জ পোস্ট কোড,Sylhet,Sunamganj,Duara Bazar,Dowarabazar,0.857,Dharmapasha,0.571,Derai,0.400
সুনামগঞ্জ পোস্ট কোড,Sylhet,Sunamganj,Ghunghiargaon (Sallah),South Sunamganj,0.424,Shalla,0.400,Dharmapasha,0.400
সুনামগঞ্জ পোস্ট কোড,Sylhet,Sunamganj,Jaganhpur,Jagannathpur,0.857,Tahirpur,0.588,Jamalganj,0.556
সুনামগঞ্জ পোস্ট কোড,Sylhet,Sunamganj,Sanchana (Jamalgonj),Jamalganj,0.615,Madhyanagar,0.429,Shalla,0.348
হবিগঞ্জ পোস্ট কোড,Sylhet,Habiganj,Azmirigonj,Ajmiriganj,0.800,Nabiganj,0.556,Habiganj Sadar,0.435
হবিগঞ্জ পোস্ট কোড,Sylhet,Habiganj,Kalauk,Lakhai,0.500,Madhabpur,0.400,Bahubal,0.308
হবিগঞ্জ পোস্ট কোড,Sylhet,Habiganj,Nabigonj,Nabiganj,0.875,Habiganj Sadar,0.571,Ajmiriganj,0.556
