division,district,source_upazila,candidate_1,score_1,candidate_2,score_2,candidate_3,score_3
Rangpur,Kurigram,Fulbari,Phulbari,0.800,Chilmari,0.533,Ulipur,0.462
Rangpur,Kurigram,Rajibpur,Charrajibpur,0.800,Ulipur,0.571,Rajarhat,0.500
Rangpur,Kurigram,Roumari,Rowmari,0.857,Bhurungamari,0.632,Chilmari,0.533
Chattogram,Khagrachhari,Lakshmi Chari,Laxmichhari,0.833,Manikchari,0.667,Panchari,0.636
Chattogram,Khagrachhari,Ranghar,Ramgarh,0.714,Matiranga,0.625,Panchari,0.625
Khulna,Khulna,Batiaghat,Botiaghata,0.842,Aranghata,0.667,Paikgasa,0.471
Khulna,Khulna,Chalna Bazar (Dakup),Khulna Sadar,0.519,Dakop,0.381,Daulatpur,0.320
Khulna,Khulna,Digalia,Digholia,0.800,Paikgasa,0.533,Daulatpur,0.500
Khulna,Khulna,Fultala,Fultola,0.857,Khulna Sadar,0.444,Daulatpur,0.375
Khulna,Khulna,Palkgacha,Paikgasa,0.706,Labanchara,0.526,Aranghata,0.444
Rangpur,Gaibandha,Fulchari,Phulchari,0.842,Palashbari,0.526,Sadullapur,0.421
Dhaka,Gazipur,Monnonagar,Konabari,0.556,Kaliganj,0.333,Kaliakair,0.316
Chattogram,Chattogram,Lohaghora,Lohagara,0.824,Chandgaon,0.444,Hathazari,0.444
Chattogram,Chattogram,Rangunia (Dhamair),Rangunia,0.696,Pahartali,0.417,Bayejid Bostami,0.414
Chattogram,Chattogram,Sadar,Bandar,0.727,Sadarghat,0.714,Sitakunda,0.571
Chattogram,Chandpur,Matlabgonj (Matlab),Matlab North,0.593,Matlab South,0.519,Hajiganj,0.417
Rajshahi,Chapainawabganj,Nachul,Nachol,0.833,Bholahat,0.286,Gomostapur,0.250
Rajshahi,Joypurhat,Ghoramara,Joypurhat Sadar,0.348,Kalai,0.286,Khetlal,0.250
Barisal,Jhalakathi,Nalchiti,Nalchity,0.875,Kathalia,0.375,Jhalakathi Sadar,0.348
Khulna,Jhenaidah,Court Chandpur,Kotchandpur,0.833,Moheshpur,0.455,Harinakundu,0.417
Dhaka,Tangail,Deldoar,Delduar,0.857,Dhanbari,0.400,BB. Bridge (East),0.316
Dhaka,Tangail,Khas Kaolia,Basail,0.500,Ghatail,0.471,Dhanbari,0.444
Rangpur,Thakurgaon,Jibanpur,Haripur,0.533,Pirganj,0.400,Baliadangi,0.333
Dhaka,Dhaka,Dania,Gendaria,0.615,Ramna,0.600,Dhanmondi,0.571
Dhaka,Dhaka,Dhaka Sadar,Chak Bazar,0.632,Dohar,0.533,Savar,0.533
Dhaka,Dhaka,Dhaka Sadr,Chak Bazar,0.667,Dohar,0.571,Bhatara,0.500
Dhaka,Dhaka,Kochukhet,Khilkhet,0.706,Dakshinkhan,0.400,Kotwali,0.375
Dhaka,Dhaka,Kodomtoli,Kadamtali,0.667,Kotwali,0.625,Dhamrai,0.375
Dhaka,Dhaka,Lalmati,Dhamrai,0.571,Lalbagh,0.571,Ramna,0.500
Dhaka,Dhaka,Nilkhet,Khilkhet,0.800,New Market,0.500,Motijheel,0.375
Dhaka,Dhaka,Shantinagar,Sher-E-Bangla Nagar,0.667,Bhatara,0.556,Rupnagar,0.526
Dhaka,Dhaka,Uttara,Uttar Khan,0.800,Uttara Purba,0.706,Uttara Paschim,0.632
Rangpur,Dinajpur,Biral,Birol,0.800,Birganj,0.667,Birampur,0.615
Rangpur,Dinajpur,Nababgonj,Nawabganj,0.889,Birganj,0.625,Bochaganj,0.556
Rangpur,Dinajpur,Setabgonj,Nawabganj,0.667,Birganj,0.625,Bochaganj,0.556
Rajshahi,Naogaon,Ahsangonj (Atral),Raninagar,0.435,Atrai,0.421,Naogaon Sadar,0.385
Rajshahi,Naogaon,Mahadebpur,Mohadevpur,0.800,Niamatpur,0.526,Sapahar,0.471
Rajshahi,Naogaon,Nitpur (Pursa),Niamatpur,0.600,Porsha,0.471,Patnitala,0.400
Dhaka,Narsingdi,Narandi,Monohardi,0.625,Narsingdi Sadar,0.571,Raipura,0.429
Dhaka,Narayanganj,Fatulla,Fotullah,0.800,Bandar,0.308,Araihazar,0.250
Mymensingh,Netrokona,Dharampasa,Purbadhala,0.400,Atpara,0.375,Barhatta,0.333
Mymensingh,Netrokona,Dhobaura,Barhatta,0.500,Durgapur,0.500,Khaliajuri,0.444
Mymensingh,Netrokona,Madhya Nagar,Madan,0.625,Kalmakanda,0.476,Purbadhala,0.476
Mymensingh,Netrokona,Susang,Madan,0.364,Kendua,0.333,Durgapur,0.286
Chattogram,Noakhali,Hatya,Hatia,0.800,Chatkhil,0.462,Kabirhat,0.462
Chattogram,Noakhali,Senbagh,Senbug,0.769,Subarnachar,0.444,Sonaimori,0.375
Barisal,Patuakhali,Baufal,Bauphal,0.769,Rangabali,0.400,Patuakhali Sadar,0.381
Barisal,Patuakhali,Khepupara,Kalapara,0.588,Bauphal,0.375,Galachipa,0.333
Rajshahi,Pabna,Bhangora,Bhangura,0.875,Atghoria,0.500,Bera,0.500
Rajshahi,Pabna,Debattar (Afgaria),Atghoria,0.522,Sujanagar,0.417,Santhia,0.364
Rajshahi,Pabna,Iswardi,Ishurdi,0.714,Faridpur,0.400,Sujanagar,0.375
Barisal,Pirojpur,Banaripara,Bhandaria,0.737,Nazirpur,0.556,Zianagar,0.556
Barisal,Pirojpur,Kaukhali,Kawkhali,0.875,Mathbaria,0.471,Bhandaria,0.353
Barisal,Pirojpur,Swarupkati,Indurkani,0.421,Nesarabad,0.421,Kawkhali,0.333
Rajshahi,Bogura,Dunat,Dhunot,0.727,Dupchanchia,0.500,Sonatala,0.462
Rajshahi,Bogura,Gabtoli,Gabtali,0.857,Sonatala,0.400,Kahaloo,0.286
Rajshahi,Bogura,Kahalu,Kahaloo,0.769,Shajahanpur,0.471,Gabtali,0.462
Rajshahi,Bogura,Sonatola,Sonatala,0.875,Gabtali,0.400,Nondigram,0.353
Barisal,Barisal,Barjalia (Hijla),Barisal Sadar,0.560,Hizla,0.444,Banaripara,0.435
Barisal,Barisal,Uzirpur,Wazirpur,0.800,Airport,0.571,Kashipur,0.533
Khulna,Bagerhat,Chalna Anchorange,Chitalmari,0.462,Bagerhat Sadar,0.345,Sarankhola,0.308
Chattogram,Brahmanbaria,Quasba,Kasba,0.727,Ashuganj,0.429,Nabinagar,0.400
Dhaka,Madaripur,Rajair,Rajoir,0.833,Madaripur Sadar,0.400,Kalkini,0.308
Dhaka,Manikganj,Shibalaya,Shibaloy,0.824,Saturia,0.375,Singiar,0.375
Dhaka,Manikganj,Singair,Singiar,0.857,Saturia,0.429,Shibaloy,0.400
Dhaka,Munshiganj,Gazaria,Gajaria,0.857,Tongibari,0.500,Sreenagar,0.375
Dhaka,Munshiganj,Louhajong,Louhajanj,0.778,Munshiganj Sadar,0.333,Tongibari,0.333
Sylhet,Moulvibazar,Kamalgonj,Kamolganj,0.889,Rajnagar,0.471,Sreemangal,0.421
Khulna,Jashore,Bagarpara,Bagherpara,0.842,Abhaynagar,0.526,Jhikargacha,0.400
Khulna,Jashore,Chawgacha,Chougachha,0.737,Jhikargacha,0.700,Sharsha,0.500
Rangpur,Rangpur,Kaonia,Kaunia,0.833,Hajirhat,0.429,Gangachara,0.375
Chattogram,Rangamati,Jarachari,Juraichari,0.857,Baghaichari,0.727,Belaichari,0.667
Chattogram,Rangamati,Longdu,Langadu,0.769,Rangamati Sadar,0.300,Chandroghona,0.222
Chattogram,Rangamati,Marishya (Bagaichari),Baghaichari,0.710,Belaichari,0.600,Juraichari,0.600
Dhaka,Rajbari,Goalondo,Goalanda,0.750,Baliakandi,0.444,Pangsa,0.286
Rajshahi,Rajshahi,Lalitgonj,Boalia,0.533,Bagha,0.429,Kasiadanga,0.421
Chattogram,Lakshmipur,Char Alexander (Rangamati),Ramgati,0.414,Ramganj,0.276,Raipur,0.214
Chattogram,Lakshmipur,Roypur,Raipur,0.667,Lakshmipur Sadar,0.286,Ramganj,0.154
Rangpur,Lalmonirhat,Tushbhanader,Hatibandha,0.364,Lalmonirhat Sadar,0.357,Aditmari,0.300
Dhaka,Shariatpur,Demuday,Damudya,0.714,Bhedarganj,0.353,Shariatpur Sadar,0.273
Dhaka,Shariatpur,Jangira,Zajira,0.615,Gosairhat,0.500,Naria,0.500
Mymensingh,Sherpur,Bakshigonj,Jhenaigati,0.400,Nalitabari,0.300,Sherpur Sadar,0.273
Mymensingh,Sherpur,Nakla,Nokla,0.800,Nalitabari,0.533,Jhenaigati,0.400
Khulna,Satkhira,Ashashuni,Assasuni,0.824,Shyamnagar,0.421,Kaliganj,0.353
Khulna,Satkhira,Kolaroa,Kalaroa,0.857,Kaliganj,0.400,Tala,0.364
Rajshahi,Sirajganj,Dhangarha (Roygonj),Raigonj,0.435,Salanga,0.348,Chauhali,0.333
Sylhet,Sylhet,Jakigonj,Zakiganj,0.875,Companiganj,0.632,Balaganj,0.625
Sylhet,Sunamganj,Dirai Chandpur (Dirai),Jagannathpur,0.400,Tahirpur,0.385,Derai,0.348
Sylhet,Sunamganj,Duara Bazar,Dowarabazar,0.857,Dharmapasha,0.571,Derai,0.400
Sylhet,Sunamganj,Jaganhpur,Jagannathpur,0.857,Tahirpur,0.588,Jamalganj,0.556
Sylhet,Habiganj,Kalauk,Lakhai,0.500,Madhabpur,0.400,Bahubal,0.308
